{
  "project_info": {
    "project_number": "755379458128",
    "firebase_url": "https://smart-door-lock-d389e.firebaseio.com",
    "project_id": "smart-door-lock-d389e",
    "storage_bucket": "smart-door-lock-d389e.appspot.com"
  },
  "client": [
    {
      "client_info": {
        "mobilesdk_app_id": "1:755379458128:android:d59bee89406dda33a28155",
        "android_client_info": {
          "package_name": "com.tecnosols.myvault"
        }
      },
      "oauth_client": [
        {
          "client_id": "755379458128-nv285euib7iqcesfjpaotcvildlurn27.apps.googleusercontent.com",
          "client_type": 3
        }
      ],
      "api_key": [
        {
          "current_key": "AIzaSyBiVo-7m1WePo2lRWvyRYKy7R0YdJGWGyk"
        }
      ],
      "services": {
        "appinvite_service": {
          "other_platform_oauth_client": [
            {
              "client_id": "755379458128-nv285euib7iqcesfjpaotcvildlurn27.apps.googleusercontent.com",
              "client_type": 3
            }
          ]
        }
      }
    }
  ],
  "configuration_version": "1"
}